{
  "adjustment_time": "2025-12-31T06:27:45.874421",
  "weights": {
    "xgboost": 0.8751098153663887,
    "lstm_py": 0.0423962754715423,
    "gru_py": 0.03656218261610331,
    "transformer_py": 0.008650530391601479,
    "tft_py": 0.03728119615436427
  }
}